team1.win,team1.composition.champion1,team1.composition.champion1_items,team1.composition.champion2,team1.composition.champion2_items,team1.composition.champion3,team1.composition.champion3_items,team1.composition.champion4,team1.composition.champion4_items,team1.composition.champion5,team1.composition.champion5_items,team2.win,team2.composition.champion6,team2.composition.champion6_items,team2.composition.champion7,team2.composition.champion7_items,team2.composition.champion8,team2.composition.champion8_items,team2.composition.champion9,team2.composition.champion9_items,team2.composition.champion10,team2.composition.champion10_items
False,Blitzcrank,"[3190, 2055, 3860, 3076, 3047, 0, 3364]",Kaisa,"[3006, 2031, 6671, 6676, 3123, 3086, 3363]",Ryze,"[3040, 2420, 6656, 3020, 1029, 2055, 3363]",Sejuani,"[6662, 2031, 2055, 3047, 1029, 8001, 3364]",Gangplank,"[2033, 3078, 3047, 3123, 6695, 1028, 3340]",True,Sona,"[3158, 6617, 1052, 3853, 2055, 1004, 3364]",Draven,"[0, 0, 0, 0, 0, 0, 3363]",Kayle,"[3115, 3111, 0, 1055, 1028, 0, 3340]",RekSai,"[3111, 2031, 3814, 1028, 0, 6693, 3364]",Yone,"[2031, 3006, 3086, 1054, 6673, 1018, 3340]"
True,Seraphine,"[3158, 6617, 3853, 3114, 1052, 2055, 3364]",Jhin,"[6676, 3086, 2015, 3009, 6671, 0, 3363]",Cassiopeia,"[3157, 6653, 4630, 0, 1082, 3070, 3340]",LeeSin,"[2031, 6630, 2055, 3047, 3071, 3133, 3340]",Nasus,"[1054, 3193, 3047, 6632, 1029, 1029, 3340]",False,Rakan,"[3860, 2055, 2065, 3158, 3916, 4642, 3364]",Caitlyn,"[1055, 6691, 6676, 3006, 3086, 1042, 3363]",Zed,"[6692, 6694, 6695, 3158, 3814, 1036, 3364]",Sejuani,"[3047, 3001, 3082, 0, 6662, 0, 3364]",Darius,"[3078, 2033, 3071, 3047, 3123, 0, 3363]"
False,Lulu,"[2055, 3158, 3860, 3011, 3114, 2065, 3364]",Tristana,"[3046, 3026, 1018, 3006, 6672, 3091, 3363]",TwistedFate,"[3157, 3094, 6656, 3041, 3158, 0, 3363]",Sejuani,"[3109, 3067, 2055, 3047, 3001, 6662, 3364]",Darius,"[3193, 3082, 1057, 3047, 3053, 3078, 3363]",True,Swain,"[3853, 3157, 4637, 6653, 3020, 0, 3364]",Syndra,"[3020, 1058, 3135, 0, 6655, 4628, 3363]",Akshan,"[6672, 3091, 1037, 3111, 1053, 1043, 3363]",LeeSin,"[3026, 2422, 3814, 6694, 6692, 0, 3340]",DrMundo,"[3143, 3076, 3047, 3065, 3068, 1028, 3364]"
False,Morgana,"[3158, 2065, 3157, 3853, 2055, 3011, 3364]",Caitlyn,"[3035, 6671, 1018, 3006, 3031, 3095, 3363]",Sylas,"[3158, 3157, 6656, 4629, 1056, 1058, 3364]",Evelynn,"[3152, 1058, 3041, 3089, 3135, 3020, 3363]",Rengar,"[3047, 3071, 6630, 1054, 3077, 1011, 3364]",True,Nautilus,"[3860, 2031, 3190, 3047, 3076, 0, 3364]",Tristana,"[1038, 6672, 2055, 1037, 3006, 3046, 3363]",Jayce,"[3042, 3158, 1036, 6692, 6609, 3134, 3363]",Viego,"[3111, 3091, 6632, 3211, 3067, 0, 3364]",Kennen,"[3089, 0, 3152, 3020, 3135, 3191, 3363]"
False,Rell,"[8001, 3860, 0, 3047, 3105, 3067, 3364]",Aphelios,"[3031, 6673, 3006, 6676, 1036, 2055, 3363]",Sylas,"[6656, 2033, 3157, 1058, 3158, 3082, 3363]",XinZhao,"[6630, 3143, 3044, 3047, 0, 6333, 3364]",Graves,"[3508, 6673, 3031, 3111, 1055, 1018, 3363]",True,Trundle,"[8001, 3857, 2403, 1033, 3047, 3067, 3364]",Jhin,"[6671, 3031, 1018, 3009, 6676, 1055, 3363]",Lucian,"[6671, 6694, 2055, 3133, 3006, 3123, 3363]",Evelynn,"[3152, 3089, 3135, 1082, 3020, 0, 3340]",Malphite,"[3047, 2033, 3082, 3075, 3067, 3068, 3340]"
False,Alistar,"[3050, 3067, 3190, 3859, 2055, 3117, 3364]",Yasuo,"[3031, 6673, 3033, 0, 3006, 0, 3340]",Cassiopeia,"[0, 1052, 1082, 6653, 3040, 4629, 3340]",Ekko,"[3152, 2031, 3020, 3041, 3115, 1058, 3364]",Gangplank,"[3158, 6632, 3053, 3004, 2033, 1036, 3363]",True,Sett,"[6631, 3047, 3855, 0, 2055, 0, 3364]",Samira,"[1055, 6673, 1036, 3047, 1036, 1018, 3340]",Ornn,"[2033, 3068, 3047, 1028, 0, 0, 3340]",LeeSin,"[0, 2031, 3111, 6692, 3134, 1028, 3340]",Ziggs,"[6653, 3020, 3070, 1052, 1058, 1082, 3340]"
False,Lulu,"[3853, 2065, 2055, 3504, 3114, 3158, 3364]",Aphelios,"[6673, 3006, 3026, 3031, 3085, 6676, 3363]",Ryze,"[3157, 6656, 3110, 3040, 1058, 3020, 3363]",XinZhao,"[6630, 2055, 3026, 3047, 3053, 0, 3364]",Aatrox,"[2420, 3053, 6630, 1054, 3111, 3133, 3340]",True,Bard,"[2065, 3114, 3853, 3117, 3067, 3011, 3364]",Ashe,"[1055, 3006, 3085, 3091, 0, 6673, 3363]",Lucian,"[6671, 6676, 1038, 6695, 6694, 3047, 3363]",Trundle,"[1031, 3053, 6632, 3066, 3075, 3047, 3364]",Teemo,"[4633, 3165, 3157, 1011, 3006, 3115, 3364]"
False,Trundle,"[3857, 8001, 3105, 1028, 0, 3047, 3364]",Yasuo,"[3006, 2421, 6673, 1031, 3031, 1055, 3363]",Galio,"[3152, 3157, 0, 3135, 3020, 1056, 3340]",Volibear,"[6632, 1037, 3065, 3158, 3044, 3742, 3364]",Akali,"[3020, 1056, 4633, 3041, 3165, 3157, 3340]",True,Nautilus,"[3860, 3190, 2055, 3047, 3076, 1028, 3364]",Kalista,"[6672, 3153, 3006, 3086, 1055, 1042, 3363]",Qiyana,"[6693, 2033, 3042, 3035, 1036, 3158, 3364]",Nidalee,"[6655, 4630, 3157, 0, 1082, 3020, 3364]",DrMundo,"[8001, 3065, 3068, 1054, 3111, 3076, 3363]"
False,Janna,"[2065, 3853, 3011, 3158, 1082, 3108, 3364]",Varus,"[1055, 6691, 3158, 3042, 3814, 2055, 3363]",Galio,"[3152, 3041, 1058, 3135, 1058, 3020, 3364]",Kindred,"[6672, 6676, 2031, 3031, 3006, 1018, 3364]",Jax,"[3153, 2033, 3078, 3091, 1037, 3158, 3340]",True,Pantheon,"[3864, 6692, 6676, 2055, 3117, 0, 3364]",Samira,"[1055, 6673, 6676, 3047, 1018, 0, 3363]",Sylas,"[6656, 2424, 1056, 3158, 4629, 2055, 3340]",Graves,"[6695, 6671, 6676, 1001, 1037, 1038, 3364]",Kennen,"[3152, 3157, 1055, 3020, 3108, 3067, 3340]"
True,Braum,"[3067, 3105, 3857, 0, 3111, 0, 3364]",Tristana,"[3006, 6672, 3046, 1055, 1038, 2055, 3363]",Leblanc,"[2033, 6655, 3020, 1056, 3165, 0, 3340]",Volibear,"[3158, 6632, 2055, 3157, 1028, 0, 3364]",Ornn,"[2055, 2033, 7005, 3111, 3075, 0, 3340]",False,Rakan,"[3853, 2065, 0, 1082, 1028, 3111, 3364]",Ashe,"[1055, 3091, 0, 1053, 3006, 6670, 3363]",Viktor,"[1056, 1082, 6655, 3100, 3020, 1058, 3363]",Trundle,"[6632, 3047, 3053, 3076, 1028, 0, 3364]",DrMundo,"[1054, 6662, 8001, 0, 3111, 3801, 3340]"
True,Sona,"[2065, 3853, 3011, 3158, 1052, 1052, 3364]",Syndra,"[6655, 0, 3070, 1052, 1056, 3020, 3363]",Lucian,"[6671, 2031, 1055, 3133, 3006, 1018, 3340]",Viego,"[6632, 2055, 2031, 3044, 3047, 1028, 3364]",Illaoi,"[2033, 2420, 6630, 3047, 3076, 0, 3340]",False,Janna,"[2065, 3853, 2031, 1082, 3011, 3158, 3364]",Twitch,"[2031, 6671, 6676, 1036, 1036, 3006, 3363]",Zoe,"[2033, 4628, 3041, 3020, 1052, 6655, 3363]",LeeSin,"[3053, 2055, 1038, 0, 3158, 6630, 3340]",Tryndamere,"[6672, 1055, 3153, 3006, 1037, 1018, 3340]"
True,Pyke,"[6691, 3179, 2420, 3009, 3134, 3857, 3364]",Caitlyn,"[1055, 2055, 3006, 6676, 6691, 3036, 3363]",Qiyana,"[6693, 6695, 3158, 6694, 3070, 0, 3364]",Shyvana,"[3157, 4636, 3115, 4629, 3165, 3020, 3364]",Shen,"[3068, 3075, 3067, 1029, 3047, 0, 3340]",False,Leona,"[3009, 3109, 2055, 3190, 3857, 0, 3364]",Kaisa,"[6676, 6671, 3036, 3094, 0, 3006, 3363]",Vladimir,"[3152, 3135, 3089, 2055, 1082, 3020, 3363]",LeeSin,"[3053, 0, 6630, 3026, 3047, 6333, 3340]",MonkeyKing,"[6632, 3071, 6609, 3047, 3044, 1037, 3340]"
True,Seraphine,"[6655, 3157, 3040, 1058, 0, 3158, 3363]",Ezreal,"[3158, 2421, 3110, 3042, 3078, 3074, 3363]",Karma,"[3157, 3222, 2055, 6617, 3158, 3853, 3364]",JarvanIV,"[6630, 3193, 3026, 3053, 3047, 0, 3364]",Aatrox,"[6630, 3026, 3071, 6333, 3047, 1036, 3340]",False,Leona,"[3190, 4643, 3860, 8001, 3117, 1028, 3364]",Karthus,"[3040, 6655, 3089, 1082, 3165, 3020, 3363]",Qiyana,"[6693, 6695, 3042, 3158, 6694, 3814, 3364]",Khazix,"[6693, 3814, 6694, 6695, 3111, 3133, 3364]",Camille,"[3074, 6632, 3053, 3026, 3047, 6609, 3340]"
False,Bard,"[3111, 3157, 4005, 3853, 3067, 2055, 3364]",Ezreal,"[3110, 3042, 3140, 3158, 6694, 6632, 3363]",Ryze,"[3040, 6656, 3157, 3158, 3165, 2055, 3363]",Khazix,"[3158, 3140, 1037, 6691, 3814, 6695, 3364]",Viego,"[3153, 6632, 2420, 1038, 3053, 3047, 3364]",True,Leona,"[2055, 3190, 8001, 3857, 1028, 3111, 3364]",Twitch,"[3006, 6671, 6676, 3036, 1037, 1018, 3363]",Pyke,"[3814, 3134, 6333, 3047, 6691, 6695, 3364]",Skarner,"[8001, 3742, 3158, 1011, 3076, 6662, 3364]",Yone,"[3026, 3006, 3031, 6673, 3033, 1031, 3340]"
False,Brand,"[3853, 3108, 1082, 6653, 0, 3020, 3364]",Caitlyn,"[1055, 6691, 6676, 3006, 1018, 0, 3363]",Gangplank,"[2033, 3078, 3158, 3074, 0, 0, 3340]",Graves,"[2055, 2031, 3047, 6692, 3035, 0, 3364]",Fiora,"[1055, 6630, 2055, 1001, 1036, 1037, 3340]",True,Velkoz,"[3851, 6653, 2055, 0, 2003, 0, 3364]",Ziggs,"[3070, 3108, 1001, 0, 3802, 1056, 3340]",Yasuo,"[3086, 2031, 1018, 1055, 1042, 3006, 3340]",Kayn,"[6695, 6029, 2031, 3158, 1036, 0, 3364]",Malphite,"[1082, 3076, 6660, 1001, 1029, 2033, 3340]"
True,Gragas,"[2421, 3860, 3190, 3108, 3158, 2055, 3364]",Aphelios,"[1055, 6671, 1053, 3085, 3006, 1036, 3363]",Vladimir,"[4629, 3152, 1052, 3108, 1082, 3158, 3340]",Khazix,"[0, 6693, 3814, 3158, 1036, 1036, 3364]",Illaoi,"[6632, 3071, 1033, 3111, 1029, 0, 3340]",False,Rell,"[8001, 3067, 3860, 3009, 1033, 2055, 3364]",Tristana,"[1055, 6672, 3094, 1038, 1018, 3006, 3363]",Orianna,"[6653, 3191, 3165, 3070, 3020, 0, 3363]",Nidalee,"[4636, 3157, 3041, 4630, 3020, 1026, 3364]",Sion,"[3077, 3076, 3047, 6662, 3181, 1011, 3364]"
False,Leona,"[3009, 4643, 3857, 3067, 3076, 8001, 3364]",Malphite,"[3047, 1056, 3075, 3082, 3068, 1029, 3340]",Taliyah,"[4632, 3108, 3157, 3135, 3020, 6655, 3340]",LeeSin,"[3026, 6630, 3053, 3123, 3133, 3047, 3340]",Draven,"[6695, 6673, 1055, 3047, 1037, 3036, 3363]",True,Karma,"[3853, 2065, 2031, 3011, 3158, 0, 3364]",Twitch,"[1055, 6671, 3036, 1037, 3134, 3006, 3363]",Talon,"[6630, 3133, 6695, 3158, 2055, 1036, 3364]",Khazix,"[3071, 3047, 6630, 1036, 1036, 6694, 3364]",Sylas,"[6656, 3157, 1052, 4629, 1082, 3158, 3363]"
False,Maokai,"[3855, 0, 1057, 1011, 3742, 3009, 3364]",Twitch,"[6676, 6671, 3036, 1038, 0, 3006, 3363]",Yasuo,"[3031, 3006, 6673, 3033, 0, 0, 3340]",Nidalee,"[3165, 3157, 1026, 3041, 4636, 3020, 3364]",Vladimir,"[3020, 4629, 3152, 1052, 1056, 2055, 3340]",True,Pyke,"[3855, 3142, 3133, 3117, 6691, 3179, 3364]",Ashe,"[1055, 3006, 1083, 6673, 3091, 0, 3363]",Ryze,"[2420, 2420, 2420, 2420, 2420, 2420, 3363]",Zac,"[2031, 6662, 8001, 2055, 3158, 1028, 3364]",Fiora,"[3508, 6630, 3077, 3111, 1055, 3133, 3340]"
False,Brand,"[1026, 6653, 3853, 4637, 3020, 3916, 3364]",Twitch,"[6676, 6671, 2420, 3031, 3036, 3006, 3363]",Leblanc,"[6655, 0, 3041, 3089, 3135, 3020, 3364]",Sejuani,"[3083, 3110, 0, 3158, 6662, 3075, 3364]",Camille,"[3748, 3026, 3053, 6632, 3047, 3082, 3340]",True,Blitzcrank,"[3860, 2065, 3109, 4643, 3107, 3009, 3364]",Ezreal,"[1029, 3042, 6694, 3074, 6632, 3158, 3363]",Yone,"[3091, 6673, 3111, 3031, 3082, 1029, 3363]",Trundle,"[6632, 3748, 3211, 0, 3111, 3083, 3364]",Pantheon,"[6630, 2421, 3053, 3111, 3153, 1029, 3363]"
False,Zilean,"[3158, 3853, 2055, 0, 1082, 2065, 3364]",Ziggs,"[6653, 2422, 2010, 3070, 2055, 1056, 3340]",Jhin,"[3009, 6671, 3134, 1018, 2055, 1055, 3363]",Kayn,"[1001, 1029, 0, 6630, 0, 0, 3364]",Riven,"[1031, 2031, 6630, 3123, 3158, 3133, 3340]",True,Braum,"[3067, 3047, 3105, 0, 3855, 0, 3364]",Tristana,"[1055, 6670, 2031, 1037, 1001, 0, 3340]",Leblanc,"[1082, 2033, 3802, 1001, 1052, 1026, 3340]",LeeSin,"[6029, 2031, 0, 3044, 3133, 2422, 3340]",Fiora,"[1055, 0, 6630, 0, 1001, 0, 3340]"
False,Zilean,"[3158, 3853, 4643, 1082, 3011, 2065, 3364]",Vayne,"[6673, 3091, 1042, 0, 1055, 3006, 3363]",Syndra,"[3102, 2421, 0, 3020, 6655, 4630, 3363]",Viego,"[3026, 2055, 3153, 3111, 6632, 3053, 3364]",Sion,"[3082, 6662, 3748, 3111, 1033, 3181, 3364]",True,Sona,"[6617, 3853, 6616, 3158, 3067, 0, 3364]",Ashe,"[1055, 6673, 3091, 3035, 0, 3006, 3363]",Kennen,"[1011, 3152, 3157, 3135, 3020, 1026, 3364]",Khazix,"[6691, 6695, 3047, 1036, 1036, 0, 3364]",Malphite,"[2033, 2055, 3047, 3075, 3082, 6662, 3340]"
True,Zyra,"[2055, 0, 0, 3853, 6653, 3020, 3364]",Jhin,"[6671, 2031, 3134, 2055, 3009, 0, 3363]",Kassadin,"[1082, 2031, 3110, 3070, 1001, 4635, 3340]",RekSai,"[0, 6693, 2031, 3111, 1036, 1036, 3364]",Gangplank,"[2033, 3508, 0, 1036, 3009, 1036, 3340]",False,Pantheon,"[2033, 6692, 3071, 2055, 3158, 0, 3363]",Ashe,"[1055, 1057, 6673, 3006, 3051, 0, 3340]",Velkoz,"[3853, 3158, 4636, 3145, 0, 1082, 3364]",Nidalee,"[4636, 2031, 3020, 3041, 1029, 1052, 3364]",Tryndamere,"[1055, 2031, 6672, 3006, 6675, 1036, 3340]"
False,Zyra,"[1026, 3853, 1052, 3020, 1011, 6653, 3364]",Tristana,"[1055, 3046, 3006, 3031, 0, 6672, 3363]",Leblanc,"[3191, 6655, 3020, 3089, 0, 0, 3363]",Khazix,"[6691, 3814, 6695, 3035, 1036, 3158, 3364]",Akali,"[3157, 3152, 3135, 1058, 3041, 3020, 3340]",True,Rakan,"[2065, 3158, 3114, 3853, 2055, 3067, 3364]",Ashe,"[1055, 3046, 6673, 3091, 0, 3006, 3363]",Ekko,"[2033, 3115, 1082, 3152, 3020, 0, 3340]",Shyvana,"[2055, 3102, 2421, 3020, 3115, 4636, 3364]",Sett,"[3053, 6631, 3111, 1029, 0, 0, 3364]"
False,Trundle,"[3857, 3047, 1011, 4005, 3067, 2055, 3364]",Kalista,"[1055, 2031, 3091, 6670, 1053, 3006, 3363]",Velkoz,"[2031, 6655, 1056, 3020, 3145, 1058, 3364]",Khazix,"[6691, 0, 3158, 3134, 1036, 1028, 3364]",Renekton,"[1055, 6630, 3067, 3111, 3053, 0, 3340]",True,Yuumi,"[3853, 6617, 3916, 1082, 0, 0, 3364]",Ezreal,"[0, 3133, 1036, 2422, 3070, 6632, 3363]",Leblanc,"[6655, 3020, 4630, 1026, 0, 2055, 3364]",MasterYi,"[6691, 2031, 1018, 3134, 3006, 0, 3340]",Teemo,"[1056, 3020, 1082, 3115, 4635, 1026, 3363]"
True,Thresh,"[2055, 3860, 8001, 3117, 3067, 3105, 3364]",Kaisa,"[4629, 1058, 0, 3020, 3042, 6655, 3363]",Sylas,"[6656, 3157, 3102, 3916, 3111, 0, 3363]",LeeSin,"[3111, 2055, 3053, 6630, 0, 3071, 3340]",Irelia,"[6609, 3047, 3153, 3091, 3053, 6632, 3364]",False,Braum,"[3860, 3190, 8001, 0, 0, 3009, 3364]",Tristana,"[1018, 6671, 3123, 6676, 3006, 3031, 3363]",Xerath,"[6655, 4628, 1082, 3020, 3089, 3916, 3363]",FiddleSticks,"[3157, 3020, 3165, 4630, 0, 4636, 3330]",Urgot,"[1055, 3123, 3047, 3071, 3748, 6662, 3363]"
True,Thresh,"[3190, 3857, 2055, 3117, 3067, 0, 3364]",Xayah,"[1055, 6672, 3006, 3046, 3036, 0, 3363]",Sylas,"[6656, 3157, 2055, 3108, 3158, 1082, 3340]",Nidalee,"[4636, 2031, 3158, 3157, 1026, 0, 3364]",Darius,"[2031, 6631, 3044, 1037, 3047, 1054, 3340]",False,Nautilus,"[3190, 3860, 2055, 3111, 1011, 3067, 3364]",Cassiopeia,"[3157, 6653, 3040, 1052, 0, 0, 3340]",Qiyana,"[3042, 6693, 2031, 3158, 6695, 0, 3364]",LeeSin,"[6630, 2055, 3053, 3111, 6609, 3133, 3340]",Urgot,"[6631, 0, 3047, 3075, 3748, 0, 3340]"
True,Zilean,"[2420, 3851, 2065, 2055, 3158, 0, 3364]",KogMaw,"[1055, 3085, 3091, 3006, 1028, 0, 3340]",Kassadin,"[3070, 1058, 6656, 1082, 3158, 1052, 3364]",Nocturne,"[2031, 0, 1037, 3158, 3134, 6691, 3363]",Urgot,"[1055, 3071, 3111, 3077, 1011, 3123, 3340]",False,Sona,"[2065, 3853, 0, 3158, 6616, 0, 3364]",Ezreal,"[3042, 3078, 3158, 3024, 1029, 2055, 3363]",Kayle,"[1058, 1056, 3006, 3115, 4633, 3041, 3363]",Khazix,"[6691, 3047, 6676, 3133, 1036, 2055, 3364]",Chogath,"[6662, 1056, 3075, 3047, 4401, 2055, 3363]"
False,Braum,"[3047, 3067, 3855, 1033, 1029, 0, 3364]",Ashe,"[1055, 6677, 2055, 6673, 3006, 0, 3340]",Lucian,"[3006, 2031, 6671, 2055, 3086, 0, 3340]",Kayn,"[2422, 6630, 2031, 1036, 0, 0, 3364]",Vladimir,"[3145, 1056, 0, 3020, 0, 0, 3340]",True,Nautilus,"[1028, 3047, 3858, 1029, 0, 0, 3340]",Draven,"[1055, 3134, 1036, 0, 1036, 0, 3340]",MasterYi,"[3006, 2031, 2055, 1036, 3134, 0, 3340]",Nunu,"[1039, 2031, 1001, 3041, 0, 0, 3340]",Gangplank,"[2033, 3051, 3057, 3067, 1001, 0, 3340]"
True,Thresh,"[3860, 3117, 3050, 3190, 1029, 0, 3364]",Jinx,"[0, 0, 0, 0, 0, 0, 0]",Zed,"[2031, 3158, 6693, 3036, 6695, 1018, 3340]",Nidalee,"[4636, 4630, 3020, 3157, 0, 0, 3364]",Darius,"[3193, 8001, 3111, 3078, 3053, 1033, 3340]",False,Nunu,"[1039, 0, 3190, 3075, 3047, 0, 3364]",Kaisa,"[3031, 1018, 3046, 6672, 3006, 3035, 3363]",Ekko,"[3152, 3157, 2055, 3041, 3089, 3020, 3364]",Lulu,"[2065, 3853, 0, 3114, 3158, 3011, 3364]",Sett,"[6630, 3047, 3053, 1028, 0, 0, 3364]"
False,Alistar,"[3117, 0, 3190, 3109, 1028, 3860, 3364]",Kaisa,"[6672, 3006, 3091, 1042, 3036, 1042, 3363]",Qiyana,"[6692, 6695, 2055, 3134, 6694, 3158, 3364]",Nidalee,"[4636, 3020, 3157, 4628, 3135, 1082, 3364]",DrMundo,"[8001, 3075, 3047, 6662, 3065, 3105, 3340]",True,Thresh,"[3857, 3158, 3801, 2055, 3190, 0, 3364]",Karthus,"[6653, 3157, 3916, 3135, 0, 3020, 3363]",Graves,"[1055, 0, 6692, 3036, 3047, 3033, 3340]",Kindred,"[6672, 3046, 3006, 3031, 0, 0, 3364]",MonkeyKing,"[6632, 3053, 3748, 3123, 3047, 3133, 3340]"
True,Nami,"[3851, 6617, 3070, 2422, 0, 0, 3364]",Ezreal,"[1055, 6632, 3070, 3133, 3158, 0, 3340]",Syndra,"[1056, 3158, 3070, 1026, 3802, 0, 3340]",Nidalee,"[3145, 3020, 1028, 1026, 0, 0, 3364]",Yone,"[1054, 2031, 1018, 6670, 3006, 0, 3340]",False,Karma,"[3158, 2065, 3851, 2055, 2031, 3916, 3364]",KogMaw,"[1055, 3006, 3091, 3086, 1042, 1042, 3340]",Ekko,"[3111, 2033, 1082, 3152, 3057, 1052, 3340]",Volibear,"[0, 3111, 1042, 1042, 6632, 1026, 3364]",Camille,"[1055, 1083, 2031, 3078, 1036, 2422, 3340]"
True,Sona,"[2065, 3853, 3158, 3916, 1004, 2055, 3364]",Ezreal,"[1055, 3042, 6632, 3158, 3133, 3035, 3363]",Irelia,"[2420, 0, 3111, 6632, 1031, 3153, 3363]",Viego,"[3111, 6632, 3091, 2055, 1043, 1036, 3364]",Ryze,"[6656, 3157, 3040, 4630, 1026, 3111, 3363]",False,Leona,"[3860, 3190, 0, 3117, 3067, 1011, 3364]",Tristana,"[6672, 3026, 3046, 3031, 1018, 3006, 3363]",Jayce,"[6694, 2033, 3123, 0, 3047, 6692, 3363]",Nidalee,"[4636, 4630, 3157, 1082, 0, 3020, 3364]",Lillia,"[3070, 3157, 3916, 3158, 4633, 4629, 3340]"
True,Yuumi,"[6616, 2065, 3853, 1057, 0, 0, 3364]",Ezreal,"[3158, 3078, 3042, 0, 0, 1055, 3363]",Lucian,"[6671, 3057, 6694, 1055, 3111, 0, 3363]",Khazix,"[6692, 6609, 3133, 1036, 3158, 6695, 3364]",Yasuo,"[3006, 1037, 6673, 1055, 1018, 1038, 3340]",False,Twitch,"[3158, 0, 3853, 1082, 4633, 3115, 3364]",Cassiopeia,"[3040, 6656, 3157, 3916, 0, 4629, 3340]",Graves,"[6692, 3031, 6676, 3036, 3047, 1036, 3340]",LeeSin,"[1036, 3082, 3067, 6630, 0, 3047, 3340]",Irelia,"[1055, 1036, 6630, 3047, 3153, 0, 3363]"
True,Pyke,"[3857, 6693, 3009, 3179, 3134, 1037, 3364]",Vayne,"[3091, 0, 6672, 3111, 3124, 3046, 3363]",Akshan,"[6676, 3111, 3091, 6672, 1036, 0, 3363]",Elise,"[4636, 3100, 3020, 1026, 1028, 3102, 3364]",Camille,"[3053, 1038, 1036, 3074, 3111, 6632, 3340]",False,Nautilus,"[3860, 3190, 0, 3117, 3067, 8001, 3364]",Kaisa,"[3085, 6671, 6676, 3031, 2421, 3006, 3363]",Leblanc,"[3135, 6655, 3089, 1082, 1052, 3020, 3364]",Nidalee,"[3041, 3157, 3089, 3135, 4636, 3020, 3364]",Irelia,"[1055, 3044, 6630, 3047, 3153, 2421, 3363]"
False,Nautilus,"[3860, 2055, 3190, 3009, 3001, 1028, 3364]",LeeSin,"[3111, 3053, 6630, 3133, 3211, 3067, 3340]",Sylas,"[3157, 3158, 3089, 3041, 4629, 6656, 3340]",Kindred,"[1055, 6632, 3006, 3091, 1042, 1042, 3363]",Fiora,"[6630, 3074, 0, 1055, 1037, 3009, 3363]",True,Maokai,"[3009, 2055, 3860, 3742, 3076, 1011, 3364]",Ashe,"[1055, 6673, 3006, 3091, 1042, 2055, 3363]",Anivia,"[1056, 3070, 4630, 3157, 6653, 3020, 3340]",Nidalee,"[3135, 4636, 3157, 3916, 3020, 1026, 3364]",Gangplank,"[3078, 3074, 2033, 3047, 6609, 3044, 3340]"
True,Yuumi,"[3850, 2055, 0, 0, 0, 0, 3340]",Ziggs,"[2010, 0, 0, 0, 0, 0, 0]",Akshan,"[1055, 0, 0, 0, 0, 0, 3340]",LeeSin,"[1035, 2031, 0, 0, 0, 0, 3340]",Kayle,"[2003, 1056, 0, 0, 0, 0, 3340]",False,Lulu,"[3850, 2003, 0, 0, 0, 0, 3340]",Vayne,"[1055, 2003, 0, 0, 0, 0, 3340]",Sett,"[1054, 0, 2003, 0, 0, 0, 3340]",Kindred,"[1035, 2031, 0, 0, 0, 0, 3364]",Mordekaiser,"[1054, 1028, 0, 0, 0, 0, 3340]"
False,Thresh,"[3190, 3047, 3860, 2055, 3067, 3076, 3364]",Ezreal,"[1055, 3123, 3158, 6694, 6632, 3042, 3363]",Qiyana,"[6695, 6694, 6693, 3158, 3134, 1036, 3364]",Karthus,"[3916, 3157, 4630, 3020, 3089, 6653, 3364]",Camille,"[3053, 3158, 3026, 6609, 3074, 6632, 3340]",True,Pantheon,"[3857, 3009, 6692, 2055, 3179, 6609, 3364]",Tristana,"[6672, 3046, 1038, 3031, 3006, 1053, 3363]",Sylas,"[6656, 3157, 4629, 1058, 3158, 1058, 3340]",Nidalee,"[4636, 4628, 0, 3157, 3020, 1058, 3364]",Renekton,"[8001, 3153, 6632, 3047, 6609, 3181, 3363]"
False,Nami,"[3853, 4005, 2055, 3158, 3916, 4642, 3364]",Yasuo,"[1055, 3006, 6673, 3031, 2055, 0, 3363]",Galio,"[1082, 6656, 2033, 3191, 3111, 3108, 3340]",Nidalee,"[4636, 3041, 3108, 3191, 0, 3020, 3513]",Irelia,"[3067, 3153, 3047, 1055, 3057, 1028, 3340]",True,Braum,"[3047, 3067, 2055, 3855, 1029, 0, 3364]",Ashe,"[1042, 2031, 1055, 6672, 3006, 1018, 3363]",Katarina,"[1055, 2420, 3153, 3111, 1026, 1052, 3364]",Shaco,"[6676, 2031, 3006, 6670, 0, 1037, 3364]",Volibear,"[1056, 3076, 6632, 3047, 0, 0, 3340]"
False,TahmKench,"[3111, 3067, 3860, 0, 8001, 3105, 3364]",Kalista,"[1055, 3006, 6673, 3046, 3124, 1031, 3363]",Cassiopeia,"[2033, 3040, 6653, 1026, 1052, 1082, 3340]",Kindred,"[6672, 3091, 3111, 3086, 1036, 1036, 3364]",Jax,"[2421, 3153, 3071, 6632, 3091, 3111, 3340]",True,Janna,"[3853, 2065, 2055, 3011, 1052, 3158, 3364]",Aphelios,"[1055, 6672, 3086, 3006, 6676, 3031, 3363]",Xerath,"[1056, 6655, 2031, 3020, 4628, 4630, 3363]",Maokai,"[6653, 2031, 3020, 4630, 1026, 0, 3364]",Volibear,"[6632, 3047, 2031, 3053, 0, 0, 3340]"
False,Zilean,"[2065, 3853, 4643, 1052, 4629, 3158, 3364]",Jhin,"[2031, 3086, 6671, 6676, 3009, 3031, 3363]",Syndra,"[3040, 6655, 3020, 3089, 4630, 0, 3363]",Nocturne,"[6631, 3053, 3026, 3158, 0, 3133, 3363]",Tryndamere,"[1055, 3508, 6672, 3006, 3031, 0, 3340]",True,Thresh,"[3857, 3190, 2055, 3114, 3158, 3067, 3364]",Ashe,"[3153, 1057, 6673, 3006, 3046, 0, 3363]",Graves,"[1055, 6691, 3006, 6676, 3035, 1018, 3340]",Nidalee,"[4636, 3089, 0, 3157, 3020, 4628, 3364]",Shyvana,"[3051, 6631, 3047, 3076, 3053, 1057, 3340]"
True,Leona,"[3857, 3190, 2055, 1028, 1029, 3047, 3364]",Kaisa,"[6676, 6671, 3006, 3046, 1055, 0, 3363]",Ryze,"[2031, 6656, 3040, 3020, 4630, 0, 3340]",Viego,"[6632, 2055, 3047, 3153, 1028, 1037, 3364]",MonkeyKing,"[3508, 6691, 3047, 1054, 3053, 3133, 3364]",False,Pyke,"[3179, 3117, 3855, 0, 6691, 3026, 3364]",Samira,"[3047, 6676, 3036, 0, 1055, 6673, 3363]",Garen,"[3006, 3078, 3033, 3742, 1054, 1028, 3363]",Malphite,"[2033, 3047, 6662, 3135, 3108, 0, 3340]",Kindred,"[6672, 3046, 3006, 3036, 3031, 0, 3364]"
False,Thresh,"[3190, 2055, 8001, 3860, 3158, 3076, 3364]",Draven,"[3026, 3006, 3508, 3036, 3031, 6693, 3363]",Malphite,"[1082, 3145, 1058, 3089, 4636, 3158, 3363]",Rengar,"[6691, 3508, 3158, 3036, 1018, 0, 3364]",Skarner,"[1054, 3158, 6632, 3110, 3065, 2055, 3363]",True,Sona,"[6617, 2420, 3853, 3158, 0, 3107, 3364]",Aphelios,"[6673, 3085, 0, 3006, 3036, 3031, 3363]",Qiyana,"[6692, 3133, 6695, 1036, 3070, 3158, 3364]",Nidalee,"[4636, 4628, 3020, 3157, 0, 0, 3364]",Aatrox,"[3053, 6630, 3047, 1029, 3071, 1029, 3340]"
True,Zyra,"[3853, 3157, 2031, 6653, 3020, 1028, 3364]",Draven,"[6673, 6676, 3036, 3006, 0, 0, 3340]",Zac,"[3143, 6662, 3047, 3065, 0, 0, 3364]",Sylas,"[3157, 3135, 4629, 3158, 1056, 6656, 3340]",Gwen,"[3916, 4633, 0, 3111, 3115, 3157, 3340]",False,Nautilus,"[3860, 3190, 3117, 3110, 3109, 3067, 3364]",Xayah,"[3508, 6671, 3033, 3046, 3006, 3036, 3363]",Malphite,"[1056, 3111, 3001, 3076, 6662, 3066, 3340]",Shaco,"[3006, 6631, 3508, 6609, 3091, 1036, 3364]",Chogath,"[1054, 6662, 3111, 3075, 4401, 3067, 3340]"
False,Blitzcrank,"[3859, 3067, 3117, 1033, 2055, 0, 3364]",Caitlyn,"[1055, 6671, 3006, 1018, 1042, 2055, 3363]",Qiyana,"[6691, 2031, 2055, 3070, 3158, 1036, 3364]",Diana,"[2055, 2031, 3152, 1043, 1082, 3020, 3364]",Kled,"[1055, 6029, 3133, 1036, 1001, 0, 3340]",True,Bard,"[3859, 1028, 0, 1004, 0, 3117, 3364]",Ezreal,"[1055, 2003, 0, 0, 0, 0, 3340]",Annie,"[1056, 6655, 0, 1001, 0, 0, 3363]",Graves,"[1001, 2031, 6673, 1042, 1036, 0, 3364]",Darius,"[1054, 2031, 3047, 3051, 1028, 1055, 3340]"
True,Soraka,"[3853, 2031, 3114, 3158, 3504, 6617, 3364]",KogMaw,"[3091, 6673, 3006, 3085, 2055, 0, 3363]",Sylas,"[1082, 6655, 1056, 3158, 4629, 0, 3340]",Ryze,"[6656, 3040, 1026, 3020, 0, 0, 3364]",Volibear,"[3157, 3076, 3047, 1056, 6632, 1011, 3340]",False,Seraphine,"[3853, 6617, 3114, 6616, 1052, 3158, 3364]",Varus,"[1055, 6691, 3004, 3158, 1036, 1036, 3363]",Syndra,"[2033, 3040, 6655, 1082, 3916, 3020, 3363]",Elise,"[3157, 1026, 0, 3020, 1082, 4636, 3364]",Riven,"[1055, 6630, 3158, 3071, 3123, 3134, 3363]"
True,Karma,"[3853, 2065, 3011, 3504, 3108, 3117, 3364]",Jhin,"[6671, 0, 3009, 6676, 3036, 3094, 3363]",Orianna,"[6655, 2033, 3157, 3067, 3108, 3020, 3340]",Volibear,"[3111, 2055, 3143, 6632, 3075, 3065, 3364]",Sylas,"[3157, 3165, 3065, 0, 3020, 6656, 3340]",False,Senna,"[3864, 6691, 4643, 3009, 3179, 3123, 3364]",Twitch,"[6676, 3006, 6671, 3031, 3085, 0, 3363]",Syndra,"[1052, 3191, 4628, 6655, 3135, 3020, 3363]",Evelynn,"[3100, 3152, 1058, 1058, 3135, 3020, 3364]",Yone,"[3031, 3033, 3006, 1038, 1031, 6673, 3364]"
False,Seraphine,"[3853, 6617, 2055, 6616, 1052, 3020, 3364]",Heimerdinger,"[1056, 0, 3916, 6653, 3020, 0, 3364]",Kassadin,"[1054, 2031, 3040, 4633, 3110, 3020, 3340]",LeeSin,"[6630, 2031, 0, 3053, 0, 2422, 3340]",Jax,"[2033, 6632, 0, 3047, 1028, 3153, 3340]",True,Swain,"[2424, 6653, 1001, 1082, 2055, 3853, 3364]",Ashe,"[1055, 3006, 6673, 3051, 0, 0, 3363]",Irelia,"[3051, 2031, 3111, 1057, 3153, 1036, 3364]",Diana,"[3152, 3020, 2055, 1082, 0, 0, 3364]",Sett,"[1055, 3153, 3047, 3044, 3067, 0, 3340]"
False,Senna,"[0, 3864, 6632, 3094, 3009, 3123, 3364]",Shen,"[1054, 0, 3076, 3047, 1011, 6662, 3340]",Katarina,"[3135, 1058, 3041, 3115, 3020, 4633, 3364]",Kayn,"[6630, 3042, 0, 1028, 3158, 3044, 3364]",Lucian,"[1055, 6671, 3123, 3047, 3508, 0, 3340]",True,Thresh,"[3857, 3190, 2055, 3024, 3067, 3117, 3364]",Caitlyn,"[1055, 3094, 3123, 3006, 6672, 1042, 3363]",Viego,"[6632, 3091, 3047, 1043, 1036, 0, 3363]",Ekko,"[3020, 3157, 3152, 3057, 1026, 1052, 3364]",Irelia,"[3065, 3153, 3091, 6673, 3047, 0, 3340]"
False,Rakan,"[2065, 3107, 3114, 3853, 3067, 3158, 3364]",Tristana,"[3031, 6672, 3006, 3046, 1036, 1036, 3363]",Renekton,"[3111, 6630, 6609, 1031, 3053, 6333, 3363]",FiddleSticks,"[3020, 3157, 3165, 3152, 4630, 0, 3330]",Heimerdinger,"[3157, 3102, 1082, 3020, 6653, 1026, 3340]",True,Leona,"[3860, 3190, 0, 1011, 3067, 3117, 3364]",Ashe,"[3140, 6672, 3091, 1018, 3006, 1053, 3363]",Fizz,"[6655, 3157, 3165, 3020, 3057, 0, 3340]",LeeSin,"[3026, 6630, 2055, 3053, 6333, 3111, 3340]",TahmKench,"[3211, 8001, 3068, 3047, 3076, 0, 3364]"
False,Nautilus,"[3860, 8001, 1029, 3067, 1033, 3047, 3364]",Ezreal,"[1055, 6632, 3042, 3123, 1001, 0, 3363]",Yasuo,"[3033, 6673, 3031, 3006, 1031, 0, 3363]",Khazix,"[6691, 3158, 3071, 6609, 3133, 1036, 3364]",Chogath,"[3067, 3047, 6662, 3075, 1054, 3082, 3340]",True,Soraka,"[3853, 2031, 2055, 3158, 6617, 3114, 3364]",Vayne,"[6672, 3153, 3006, 1055, 0, 0, 3363]",Kassadin,"[3157, 4633, 3070, 1082, 3047, 0, 3340]",Viego,"[6632, 1037, 3153, 3047, 1028, 0, 3364]",MonkeyKing,"[3047, 3071, 6632, 0, 0, 3076, 3363]"
False,Rakan,"[3860, 2065, 3158, 2055, 3050, 3001, 3364]",Samira,"[3026, 3033, 6673, 3111, 3031, 6695, 3363]",Orianna,"[6653, 3165, 3135, 3040, 3020, 3089, 3363]",JarvanIV,"[3193, 6630, 3111, 3053, 2031, 3123, 3364]",MonkeyKing,"[6609, 2055, 3111, 3071, 3153, 6632, 3340]",True,Yuumi,"[3853, 3222, 2055, 6617, 3114, 3011, 3364]",Sona,"[3011, 6656, 3158, 1052, 6616, 0, 3363]",Vladimir,"[3152, 3135, 3020, 3041, 4629, 3089, 3363]",LeeSin,"[3053, 6630, 6333, 3047, 4401, 3071, 3340]",Rumble,"[3157, 4636, 3020, 3135, 3165, 3089, 3363]"
True,Braum,"[3110, 2055, 3067, 3111, 3857, 1029, 3364]",Kaisa,"[6672, 2055, 3035, 6676, 3091, 3006, 3363]",Ekko,"[3100, 3152, 3916, 3020, 0, 1056, 3364]",Viego,"[3047, 3123, 3153, 6632, 1029, 3053, 3364]",Teemo,"[1056, 3115, 6653, 3020, 3916, 1028, 3340]",False,Thresh,"[3857, 0, 3190, 3050, 1028, 3117, 3364]",Ashe,"[6672, 1055, 1053, 3091, 3046, 3006, 3363]",Vladimir,"[7011, 4629, 3158, 1082, 1052, 1058, 3363]",LeeSin,"[7015, 6333, 2421, 3053, 3111, 1038, 3340]",Ornn,"[3075, 3111, 7004, 3001, 3082, 1027, 3364]"
False,Yuumi,"[3853, 6617, 3011, 0, 0, 0, 3364]",Jhin,"[6676, 6671, 1055, 0, 3009, 0, 3363]",Vladimir,"[3152, 3108, 3041, 3158, 1056, 1058, 3363]",JarvanIV,"[3053, 6630, 3047, 0, 0, 0, 3364]",TahmKench,"[8001, 6662, 0, 3047, 3076, 0, 3363]",True,Bard,"[3190, 2055, 3853, 3067, 3108, 3158, 3364]",Ezreal,"[6632, 3042, 3123, 1036, 2055, 3158, 3363]",Sylas,"[1082, 3165, 6653, 3158, 2055, 0, 3363]",Rengar,"[3508, 3035, 6692, 0, 3158, 0, 3364]",DrMundo,"[1054, 3068, 3075, 0, 0, 3047, 3363]"
True,Brand,"[3853, 3191, 6653, 2420, 3020, 0, 3364]",Yasuo,"[3031, 3006, 0, 6673, 1053, 0, 3363]",Jayce,"[6692, 3158, 3123, 3070, 6695, 1036, 3340]",Nidalee,"[6655, 4628, 3916, 3135, 3191, 3020, 3364]",Vayne,"[1055, 3051, 1036, 3046, 3006, 6673, 3363]",False,Lulu,"[1052, 3853, 2065, 3114, 3158, 6616, 3364]",Xayah,"[1055, 3047, 6671, 0, 3046, 1053, 3340]",Vladimir,"[3152, 3089, 3041, 4630, 3158, 0, 3363]",Rengar,"[6691, 2422, 3814, 3508, 3036, 1038, 3364]",Darius,"[3742, 4401, 3078, 3047, 3076, 3044, 3340]"
False,TahmKench,"[3860, 6662, 3047, 3075, 3065, 1029, 3364]",Jinx,"[6672, 3046, 3006, 3031, 3085, 3033, 3363]",Akshan,"[1036, 6671, 2031, 3006, 3033, 1036, 3363]",Kayn,"[6630, 6609, 3044, 3158, 1028, 0, 3364]",Yorick,"[6632, 2033, 3047, 1028, 3076, 0, 3340]",True,Nautilus,"[3859, 3190, 1028, 3082, 2055, 3047, 3364]",Varus,"[1055, 6691, 3042, 3035, 0, 3158, 3363]",Graves,"[6692, 2055, 1055, 3047, 3036, 6676, 3363]",Lillia,"[6653, 3165, 3157, 3020, 1026, 1011, 3364]",Fiora,"[3074, 3053, 6630, 3047, 0, 0, 3340]"
True,Lulu,"[3853, 1057, 6617, 3158, 2424, 3114, 3364]",KogMaw,"[3091, 0, 0, 1055, 6672, 3006, 3340]",Diana,"[3115, 0, 3020, 0, 0, 3152, 3363]",Nidalee,"[3020, 4636, 3157, 2055, 3057, 1052, 3364]",Shen,"[1054, 3111, 6662, 1011, 0, 3076, 3340]",False,Sona,"[3853, 2065, 2055, 3158, 3070, 1058, 3364]",Ezreal,"[3035, 3158, 1036, 3042, 6632, 1055, 3363]",Akshan,"[6670, 2031, 3006, 1053, 1018, 3091, 3340]",FiddleSticks,"[3020, 3152, 3157, 1052, 2055, 0, 3330]",Irelia,"[1055, 3153, 3111, 6673, 3051, 1057, 3340]"
False,Sona,"[3853, 3114, 3011, 6617, 3070, 3158, 3364]",Vayne,"[3031, 6672, 1036, 3006, 3046, 1042, 3340]",Zed,"[6691, 6609, 3035, 3133, 3111, 6695, 3364]",Evelynn,"[3152, 3100, 3089, 3135, 3020, 3041, 3363]",Aatrox,"[1054, 6630, 3047, 3053, 6333, 0, 3340]",True,Seraphine,"[6655, 3853, 3108, 3157, 3011, 3009, 3364]",Kaisa,"[0, 0, 0, 0, 0, 0, 3363]",Sylas,"[1052, 6656, 3157, 4629, 3158, 0, 3363]",Graves,"[3179, 3814, 3111, 6692, 3035, 0, 3364]",Kled,"[3053, 6630, 3047, 3075, 1033, 1028, 3364]"
True,Lulu,"[3158, 2423, 2065, 3851, 2003, 3114, 3364]",Twitch,"[6676, 6671, 3006, 3086, 2055, 0, 3364]",Yone,"[1055, 3006, 6673, 3123, 3031, 1033, 3363]",Mordekaiser,"[4637, 6662, 3075, 3066, 3047, 0, 3340]",Gwen,"[4633, 3115, 3111, 3191, 0, 0, 3340]",False,Veigar,"[6656, 1058, 3020, 3853, 3070, 2031, 3340]",Ziggs,"[1056, 6653, 0, 3020, 1058, 4637, 3363]",Yasuo,"[1055, 2031, 6673, 3033, 3046, 3006, 3364]",Diana,"[2031, 3152, 3115, 3020, 1029, 0, 3340]",Tryndamere,"[3006, 3033, 6671, 6675, 3133, 2055, 3364]"
False,Veigar,"[6656, 3020, 3853, 3070, 0, 2031, 3364]",Ziggs,"[6653, 2031, 1026, 3916, 1056, 3020, 3340]",Garen,"[2055, 6631, 3047, 1054, 3053, 3067, 3340]",LeeSin,"[6630, 3047, 2031, 3067, 3133, 0, 3340]",Aatrox,"[3044, 0, 1037, 2055, 3047, 6630, 3363]",True,Teemo,"[1056, 3115, 1057, 0, 0, 0, 3340]",Soraka,"[3851, 3111, 4642, 3067, 0, 0, 3364]",Zed,"[6692, 2031, 3158, 1036, 0, 0, 3340]",Zac,"[3105, 2031, 6660, 0, 2055, 1001, 3364]",Tryndamere,"[1055, 3123, 3006, 6670, 1042, 0, 3340]"
False,Thresh,"[3075, 2065, 3117, 3024, 3857, 2031, 3364]",Aphelios,"[1055, 3031, 6673, 3006, 6676, 0, 3363]",Ryze,"[3157, 6656, 3040, 3158, 1058, 0, 3363]",Kayn,"[6630, 2031, 3111, 3071, 3123, 3134, 3364]",Fiora,"[6632, 3053, 3111, 0, 0, 0, 3363]",True,Soraka,"[3853, 3158, 6617, 1052, 1052, 0, 3364]",Teemo,"[1056, 3115, 3020, 6653, 3165, 0, 3363]",Yasuo,"[1055, 6673, 3006, 3123, 1042, 0, 3340]",Gnar,"[1054, 6632, 3111, 3053, 1029, 0, 3340]",Rumble,"[4636, 3157, 3020, 2031, 3916, 2055, 3364]"
True,Rell,"[3860, 3047, 3190, 3076, 2055, 1011, 3364]",Ezreal,"[3042, 6691, 3158, 3508, 1036, 0, 3363]",Sylas,"[6656, 2033, 1058, 1082, 3158, 3157, 3364]",RekSai,"[3133, 2031, 6693, 3047, 6676, 3067, 3363]",Sion,"[1054, 3181, 3047, 3068, 3748, 0, 3364]",False,Karma,"[3853, 2065, 3504, 3011, 3158, 0, 3364]",Vayne,"[0, 3046, 3139, 3006, 3153, 6672, 3363]",Qiyana,"[2031, 6693, 6695, 3158, 6676, 3035, 3364]",Taliyah,"[6653, 2031, 3135, 1011, 3020, 1082, 3364]",Gnar,"[1055, 3053, 6632, 3047, 3071, 1029, 3363]"
False,Zilean,"[3190, 3107, 3853, 3916, 3158, 4642, 3364]",Ezreal,"[3133, 6632, 3042, 3110, 3158, 3123, 3363]",Kayle,"[3089, 3191, 3115, 3006, 3091, 4633, 3363]",Graves,"[3047, 6692, 3071, 3035, 3086, 3123, 3364]",TahmKench,"[8001, 3143, 6662, 3047, 3075, 1028, 3340]",True,Braum,"[3047, 3857, 3190, 3075, 3801, 3067, 3364]",Vayne,"[3046, 3006, 2420, 3153, 6672, 3124, 3363]",Ziggs,"[3135, 3165, 6653, 0, 1058, 3020, 3363]",Hecarim,"[6632, 3071, 3111, 3053, 1033, 1033, 3364]",Riven,"[6630, 3047, 3071, 3053, 1029, 2421, 3363]"
True,Lulu,"[3853, 2065, 3158, 3504, 0, 0, 3364]",Kaisa,"[6671, 0, 3006, 1018, 1055, 3134, 3363]",LeeSin,"[1055, 2055, 6630, 3047, 3074, 0, 3340]",Viego,"[6632, 3111, 3053, 1053, 0, 0, 3364]",Volibear,"[1054, 6632, 3065, 3111, 3742, 1028, 3340]",False,Nami,"[3916, 3853, 2055, 6617, 3158, 4642, 3364]",Jhin,"[1018, 0, 6671, 3009, 3094, 1036, 3363]",Corki,"[3042, 3086, 2031, 2015, 6632, 3020, 3363]",FiddleSticks,"[2031, 3157, 3152, 1028, 0, 3020, 3330]",Garen,"[3033, 6631, 1037, 3071, 3133, 3006, 3363]"
False,Lulu,"[3853, 2065, 2055, 3011, 3114, 3158, 3364]",Twitch,"[6672, 3153, 2421, 1082, 3006, 3085, 3363]",Vladimir,"[3135, 3089, 3152, 3020, 4629, 3041, 3363]",Kayn,"[6333, 6630, 3042, 3047, 3071, 3123, 3364]",Teemo,"[3020, 6653, 4637, 3115, 3165, 0, 3363]",True,Janna,"[3853, 2065, 3222, 3158, 3011, 2055, 3364]",Vayne,"[3046, 3153, 3123, 6673, 3006, 3051, 3364]",Ekko,"[1052, 3152, 3157, 3020, 3916, 3100, 3363]",LeeSin,"[3111, 6630, 3075, 2055, 3053, 3065, 3340]",TahmKench,"[3123, 6662, 3044, 3111, 3065, 3075, 3363]"
True,Nautilus,"[3860, 3111, 8001, 3076, 1028, 2055, 3364]",Ezreal,"[3042, 6632, 3111, 3035, 0, 1036, 3363]",Anivia,"[3916, 3040, 4637, 6653, 3020, 4630, 3363]",JarvanIV,"[6630, 2031, 0, 3047, 6695, 3076, 3364]",Sejuani,"[3068, 8001, 2031, 3111, 1028, 3076, 3340]",False,Karma,"[2065, 3067, 1052, 3916, 3158, 3853, 3364]",Vayne,"[3046, 3006, 3124, 6672, 2421, 3140, 3363]",Ekko,"[3157, 3152, 0, 1043, 3020, 0, 3363]",Trundle,"[6632, 3111, 3748, 1028, 3065, 0, 3364]",Maokai,"[3065, 1057, 0, 3068, 3110, 3111, 3363]"
False,Swain,"[3853, 3157, 3116, 6653, 3916, 3020, 3364]",Ezreal,"[3123, 3158, 3042, 6632, 6694, 0, 3363]",Ahri,"[3135, 6656, 3157, 3020, 3165, 0, 3340]",Shaco,"[6695, 6693, 2421, 3508, 3006, 1038, 3364]",Kayle,"[4633, 3115, 3157, 3047, 3046, 3165, 3363]",True,Janna,"[3011, 3158, 3853, 6617, 2055, 3067, 3364]",Jhin,"[6671, 3031, 3009, 3036, 3086, 1042, 3363]",Qiyana,"[3158, 6693, 2421, 6694, 6609, 1036, 3364]",JarvanIV,"[1006, 1006, 1006, 1006, 1006, 0, 3364]",Camille,"[3053, 3078, 3026, 3074, 6333, 3111, 3364]"
True,Pyke,"[3857, 6693, 3179, 1036, 0, 3117, 3364]",Seraphine,"[1056, 3157, 6617, 3011, 3158, 3116, 3340]",Kayle,"[3124, 3139, 3091, 6672, 3095, 3046, 3363]",Gwen,"[3115, 4633, 3157, 3041, 3158, 4629, 3364]",Quinn,"[6672, 3095, 3006, 3036, 0, 0, 3340]",False,Sona,"[3158, 3853, 2055, 3011, 6617, 3070, 3364]",Aphelios,"[3072, 6676, 6673, 3031, 0, 3006, 3363]",Malzahar,"[6653, 3116, 3157, 1056, 3158, 0, 3363]",DrMundo,"[3047, 3143, 3066, 1057, 3068, 3065, 3340]",LeeSin,"[2055, 2420, 6630, 3047, 3071, 3053, 3340]"
False,Sona,"[3853, 3070, 4642, 3158, 6617, 1082, 3364]",Chogath,"[3152, 1052, 4628, 3070, 3020, 3089, 3364]",Aphelios,"[6676, 1037, 0, 6673, 1055, 3006, 3363]",Tryndamere,"[6672, 6675, 3006, 1055, 0, 2055, 3364]",FiddleSticks,"[3152, 2055, 3157, 3158, 3916, 1026, 3330]",True,Yuumi,"[3853, 3222, 4642, 1028, 0, 0, 3364]",Kaisa,"[1055, 6672, 0, 3006, 6676, 2055, 3363]",Talon,"[6692, 6695, 3158, 0, 0, 0, 3363]",Olaf,"[3053, 0, 6630, 0, 3047, 0, 3364]",Mordekaiser,"[3115, 3157, 3076, 4633, 0, 3111, 3364]"
False,Sona,"[3853, 6617, 0, 3158, 1082, 6616, 3364]",Aphelios,"[6673, 1037, 1038, 0, 3006, 6676, 3363]",Chogath,"[6656, 3040, 3158, 4628, 0, 0, 3340]",LeeSin,"[2055, 3071, 6630, 3111, 3133, 1033, 3340]",Tryndamere,"[6671, 3006, 1054, 6675, 2055, 1018, 3340]",True,Senna,"[1036, 3864, 3070, 6632, 1036, 3009, 3364]",Sivir,"[1055, 3042, 3158, 6691, 0, 0, 3363]",Gwen,"[2055, 3916, 3157, 3047, 4633, 0, 3364]",Kassadin,"[4630, 6656, 3070, 3020, 3110, 3916, 3340]",Gangplank,"[3053, 6695, 6609, 1036, 6632, 3047, 3363]"
False,Yuumi,"[3850, 2003, 4642, 2055, 1028, 0, 3340]",Jhin,"[1037, 2055, 0, 1042, 1001, 6670, 3340]",Tristana,"[6672, 1001, 1042, 0, 0, 1055, 3513]",Udyr,"[0, 3057, 2031, 3044, 2055, 0, 3364]",JarvanIV,"[2033, 3044, 6029, 1001, 0, 0, 3340]",True,Janna,"[3850, 1052, 1001, 1004, 1028, 2003, 3340]",Ezreal,"[1055, 2031, 3057, 3070, 1036, 0, 3340]",Yone,"[1055, 2003, 1042, 1042, 1042, 0, 3340]",Ekko,"[1028, 2031, 1001, 3145, 2055, 0, 3364]",Jax,"[3044, 3067, 1055, 3057, 0, 0, 3340]"
True,Sona,"[3853, 6617, 3158, 3114, 1057, 0, 3364]",Jhin,"[3009, 3134, 6676, 6692, 1037, 0, 3363]",Orianna,"[6655, 3040, 2033, 0, 1082, 3158, 3363]",RekSai,"[0, 6693, 3111, 3044, 1037, 1028, 3364]",Darius,"[6630, 1028, 3076, 1055, 3044, 3047, 3340]",False,Swain,"[3853, 6653, 3191, 3020, 1052, 2424, 3364]",Lucian,"[3006, 6672, 3508, 0, 2055, 1055, 3363]",Lux,"[1056, 6655, 3020, 3041, 1052, 0, 3363]",JarvanIV,"[0, 1031, 6630, 3053, 0, 3047, 3364]",Irelia,"[1055, 6632, 3153, 3047, 3053, 1029, 3340]"
True,Sona,"[3853, 3011, 3158, 6617, 6616, 1057, 3364]",Ezreal,"[3042, 3156, 3508, 6691, 0, 3158, 3363]",Lux,"[3040, 4628, 4630, 3020, 3916, 6655, 3363]",Rammus,"[3111, 3075, 6664, 3742, 1028, 1033, 3364]",Darius,"[6630, 3065, 3075, 3066, 3053, 3047, 3340]",False,Soraka,"[3860, 3107, 2065, 6616, 3158, 0, 3364]",Aphelios,"[3140, 6673, 6676, 3123, 3006, 3036, 3363]",Orianna,"[3040, 6653, 3157, 3135, 3111, 1058, 3363]",Nidalee,"[4636, 4628, 3158, 1082, 3135, 3157, 3364]",Graves,"[3036, 6676, 3140, 6692, 3006, 3071, 3363]"
True,Sona,"[3850, 2003, 0, 0, 0, 0, 3340]",Ezreal,"[1055, 0, 0, 0, 0, 0, 3340]",Leblanc,"[1056, 0, 0, 0, 0, 0, 3340]",Elise,"[1039, 2031, 0, 0, 0, 0, 3364]",Riven,"[1055, 2031, 2055, 0, 0, 0, 3340]",False,Xerath,"[2419, 3850, 2003, 0, 0, 0, 3340]",Jhin,"[0, 0, 2003, 0, 0, 1055, 3340]",Vladimir,"[1056, 0, 0, 0, 0, 0, 3340]",Hecarim,"[1039, 2031, 0, 0, 0, 0, 3364]",Camille,"[1055, 0, 2010, 0, 0, 0, 3340]"
False,Senna,"[3864, 6632, 2055, 3094, 3111, 0, 3364]",Ezreal,"[3042, 6632, 2055, 0, 3158, 0, 3363]",Irelia,"[2033, 3153, 3047, 6632, 1031, 3133, 3340]",Viego,"[6632, 3047, 2055, 3053, 1029, 0, 3364]",Sett,"[3047, 6631, 3065, 3153, 0, 1054, 3340]",True,Thresh,"[3857, 3190, 3158, 3067, 0, 2055, 3364]",Kindred,"[1055, 3006, 6672, 3036, 1036, 1036, 3363]",Anivia,"[1058, 3070, 6653, 1056, 3020, 3916, 3340]",Zed,"[0, 2031, 6693, 3047, 6676, 1036, 3364]",Darius,"[1054, 3047, 3078, 3076, 1028, 0, 3340]"
False,Lulu,"[3860, 6617, 1001, 3011, 0, 0, 3364]",Jinx,"[3006, 2031, 3086, 6672, 2015, 0, 3363]",Kassadin,"[1056, 1052, 6653, 1058, 3020, 3070, 3364]",Rammus,"[3076, 6664, 3067, 3047, 0, 0, 3340]",Trundle,"[2033, 6632, 3181, 3047, 1042, 1042, 3340]",True,Yuumi,"[3853, 6617, 3504, 1004, 2055, 0, 3364]",Ezreal,"[1055, 6632, 3070, 3133, 3158, 1036, 3340]",Galio,"[1056, 6655, 1082, 3111, 3100, 1052, 3364]",Viego,"[6632, 3047, 0, 3053, 1031, 1037, 3364]",Maokai,"[2033, 3143, 3047, 3068, 3076, 0, 3340]"
False,Pyke,"[3857, 2055, 6693, 3179, 6695, 3158, 3364]",Malphite,"[3110, 2033, 3047, 6662, 3075, 1029, 3340]",Lux,"[4628, 6655, 3102, 1082, 3020, 0, 3363]",Viego,"[6632, 3026, 2055, 3053, 1053, 3047, 3364]",Kaisa,"[6672, 1036, 6676, 3006, 3086, 1036, 3363]",True,Rell,"[2055, 3190, 3859, 1028, 3075, 3047, 3364]",Lucian,"[3036, 3123, 6672, 1055, 3508, 3047, 3340]",Seraphine,"[1056, 6653, 3070, 3158, 3108, 1052, 3363]",Rammus,"[3047, 3134, 6664, 0, 3075, 0, 3364]",Akshan,"[1055, 3006, 3091, 6672, 1018, 0, 3340]"
True,Gragas,"[3860, 2065, 0, 3157, 1052, 3158, 3364]",Ezreal,"[0, 3042, 1029, 3158, 3033, 6632, 3363]",Akshan,"[1037, 3153, 6671, 3047, 3036, 3123, 3340]",Karthus,"[6653, 4637, 3020, 3089, 3191, 3916, 3364]",Chogath,"[3135, 1082, 6655, 3020, 3089, 4628, 3364]",False,Soraka,"[3851, 0, 6617, 3916, 4642, 3111, 3364]",Senna,"[3124, 3009, 6672, 3042, 3094, 3134, 3363]",Shen,"[6662, 3083, 3111, 3748, 3211, 3067, 3364]",Nidalee,"[3020, 4636, 3157, 3135, 3089, 1058, 3364]",Yasuo,"[3006, 3031, 1038, 3091, 3046, 6673, 3363]"
True,Alistar,"[3117, 3190, 3066, 3860, 2055, 1028, 3364]",Draven,"[3031, 6673, 1038, 6676, 3006, 1053, 3363]",Zed,"[6692, 3036, 3158, 6676, 3134, 0, 3364]",Udyr,"[3078, 3742, 3111, 1057, 3066, 0, 3364]",Nidalee,"[1058, 3135, 1082, 6655, 3020, 3165, 3364]",False,Karma,"[3011, 3853, 2065, 2055, 3114, 3158, 3364]",Jhin,"[6671, 1038, 1037, 3009, 6676, 3036, 3340]",Malzahar,"[3020, 6653, 1052, 0, 0, 3157, 3340]",Viego,"[2055, 2031, 3047, 3153, 6632, 1036, 3364]",Irelia,"[3047, 3153, 6333, 3091, 3508, 6673, 3340]"
True,Aphelios,"[1055, 6673, 3006, 3085, 0, 0, 3340]",Alistar,"[3860, 3190, 3050, 3117, 1033, 0, 3364]",Malphite,"[2033, 3047, 3076, 3068, 3108, 1011, 3340]",Skarner,"[6632, 3158, 3153, 3211, 0, 0, 3340]",Illaoi,"[3053, 3105, 6630, 3071, 3076, 3047, 3340]",False,Senna,"[3864, 6672, 3009, 6676, 3123, 3086, 3364]",Seraphine,"[3040, 1058, 6653, 3116, 0, 3158, 3363]",Diana,"[4633, 3157, 2031, 3115, 1058, 3020, 3364]",Yone,"[1055, 3006, 6673, 3036, 3123, 3086, 3340]",Volibear,"[6632, 3053, 3076, 0, 3047, 0, 3340]"
False,Thresh,"[3190, 3855, 3117, 2055, 3801, 3067, 3364]",Jinx,"[6672, 1055, 3006, 3085, 0, 0, 3340]",Yasuo,"[6673, 2031, 3006, 3031, 3072, 0, 3363]",Evelynn,"[3152, 1058, 3100, 3020, 1058, 1082, 3340]",Gwen,"[1055, 4633, 3047, 3115, 0, 0, 3364]",True,Pyke,"[3855, 6691, 3047, 3814, 0, 0, 3364]",Jhin,"[6671, 1018, 3086, 2015, 3035, 3009, 3363]",Ekko,"[6656, 3157, 3047, 3057, 3113, 0, 3363]",Karthus,"[6653, 3191, 0, 4637, 0, 3020, 3364]",Vayne,"[6673, 1042, 1042, 1042, 1055, 3006, 3363]"
False,Zilean,"[3853, 3135, 1082, 6655, 3020, 1058, 3364]",Caitlyn,"[6671, 3086, 3095, 1042, 1055, 3006, 3363]",Fizz,"[6655, 3157, 2033, 3165, 3158, 3135, 3364]",Vi,"[2031, 3026, 3111, 3053, 3075, 6632, 3364]",Irelia,"[6333, 6630, 3153, 3047, 3053, 2055, 3364]",True,TahmKench,"[6662, 3065, 1011, 3860, 2055, 3111, 3364]",Vayne,"[6673, 3091, 1042, 6677, 3006, 1018, 3363]",Sett,"[6630, 2055, 3111, 1055, 3053, 1011, 3340]",Rengar,"[6691, 3508, 3158, 2031, 6676, 1018, 3363]",Kayle,"[3157, 3047, 6672, 3115, 2055, 0, 3340]"
True,Karma,"[3853, 2065, 2055, 3158, 3916, 0, 3364]",Kaisa,"[1055, 3006, 6671, 3115, 1042, 0, 3340]",Lux,"[1056, 3191, 6655, 3020, 3145, 0, 3340]",Evelynn,"[3152, 2031, 3020, 3100, 4630, 0, 3340]",Qiyana,"[3070, 2033, 6630, 3158, 3133, 1036, 3340]",False,Morgana,"[3157, 2065, 3853, 1001, 0, 0, 3364]",Draven,"[1055, 1053, 6671, 3508, 6676, 1001, 3340]",Sett,"[1055, 6630, 3111, 3153, 0, 0, 3364]",Nocturne,"[6631, 0, 0, 3053, 3091, 3158, 3363]",Nidalee,"[1056, 3089, 1082, 6655, 3020, 0, 3364]"
False,Nami,"[3222, 0, 3853, 3067, 3158, 4642, 3364]",Draven,"[1055, 6673, 3508, 6676, 3006, 0, 3340]",Graves,"[6695, 6692, 0, 3006, 3035, 0, 3364]",MasterYi,"[3047, 2031, 6672, 3124, 3091, 1028, 3364]",Nidalee,"[3089, 3020, 0, 6655, 4630, 1082, 3364]",True,Morgana,"[2424, 3853, 1001, 6653, 3191, 0, 3364]",Caitlyn,"[1055, 3006, 6671, 3123, 3086, 2015, 3340]",Ahri,"[1056, 3020, 6655, 1082, 4629, 3191, 3340]",LeeSin,"[6630, 3053, 3047, 3133, 2055, 0, 3340]",Darius,"[3111, 6631, 1057, 0, 0, 0, 3340]"
True,Thresh,"[3860, 3190, 3109, 2055, 3050, 3117, 3364]",Aphelios,"[6673, 3006, 6676, 3031, 0, 0, 3363]",Azir,"[4629, 2055, 3157, 6655, 3020, 0, 3363]",Poppy,"[3111, 6632, 3742, 3044, 2055, 1028, 3364]",Gwen,"[3115, 4633, 3191, 3047, 3108, 0, 3340]",False,Pyke,"[3857, 6695, 6691, 3179, 3117, 3142, 3364]",Samira,"[6673, 3031, 3006, 6676, 0, 0, 3363]",Zilean,"[1056, 6655, 3089, 3020, 4629, 3108, 3364]",Nocturne,"[6631, 3026, 3053, 3091, 6333, 3158, 3363]",Sett,"[3053, 6630, 3047, 3153, 0, 0, 3364]"
True,Pyke,"[3855, 3133, 2055, 3134, 3179, 3117, 3364]",Ezreal,"[3042, 1036, 0, 1055, 6632, 3158, 3363]",Yasuo,"[3086, 3006, 6673, 1036, 1055, 1036, 3363]",Qiyana,"[6630, 1036, 3133, 3123, 1082, 3006, 3364]",Zac,"[3068, 1054, 1011, 3047, 1057, 0, 3340]",False,Janna,"[3853, 3041, 3011, 4005, 3009, 2055, 3364]",MissFortune,"[6671, 2031, 3134, 1055, 3006, 1037, 3363]",Vladimir,"[3047, 3157, 3152, 1056, 3916, 0, 3363]",Hecarim,"[6632, 3075, 3047, 2055, 3044, 1037, 3364]",Quinn,"[3181, 3006, 6672, 3036, 1037, 0, 3363]"
False,Karma,"[2065, 3853, 0, 3011, 3158, 1082, 3364]",Ezreal,"[6632, 3042, 3110, 0, 3158, 1055, 3363]",Zoe,"[2033, 1082, 6655, 3020, 3145, 1058, 3340]",Rengar,"[3508, 3158, 6691, 0, 0, 0, 3364]",Camille,"[1054, 2031, 6632, 3047, 1037, 0, 3340]",True,Sett,"[3855, 6630, 2055, 0, 3158, 0, 3364]",Tristana,"[1054, 2421, 6670, 1001, 1042, 1037, 3340]",TwistedFate,"[2033, 6656, 2424, 1052, 0, 3158, 3340]",Shaco,"[3158, 2031, 3916, 3802, 3108, 1082, 3364]",LeeSin,"[0, 1036, 1054, 6630, 3047, 1036, 3340]"
True,Leona,"[3190, 3860, 3111, 8001, 3050, 2055, 3364]",Caitlyn,"[3031, 6676, 6671, 6694, 3094, 3095, 3363]",Lissandra,"[6656, 3157, 3040, 3135, 1058, 3158, 3363]",Ivern,"[3157, 3011, 2065, 2055, 3117, 1082, 3364]",Camille,"[3074, 3026, 3078, 3111, 3053, 3123, 3363]",False,Bard,"[1057, 3853, 2065, 3111, 3050, 1011, 3364]",Ashe,"[6672, 3153, 3046, 3031, 1036, 3006, 3363]",Leblanc,"[3157, 3041, 6653, 3111, 3135, 3102, 3364]",Kindred,"[1018, 3036, 3085, 3153, 6672, 3006, 3364]",Sylas,"[6656, 3157, 3102, 4629, 3158, 1056, 3363]"
False,Karma,"[3158, 1052, 2055, 2065, 3853, 3011, 3364]",Ezreal,"[3042, 6632, 2055, 6609, 3133, 3158, 3363]",Syndra,"[1056, 3157, 4630, 3020, 3089, 6655, 3340]",Zac,"[3068, 8001, 4637, 3158, 1082, 3076, 3364]",DrMundo,"[3075, 3068, 3047, 3067, 1028, 0, 3340]",True,Nautilus,"[3157, 3190, 3860, 2055, 0, 3117, 3364]",Ashe,"[3006, 6673, 1043, 1053, 0, 0, 3340]",Lucian,"[3111, 6671, 0, 3035, 3123, 1036, 3364]",JarvanIV,"[3053, 6630, 1028, 3071, 0, 3111, 3364]",Sylas,"[6656, 2421, 3020, 4629, 1052, 1082, 3363]"
True,Alistar,"[2065, 2055, 3860, 3067, 0, 3117, 3364]",Jinx,"[3035, 2031, 0, 3006, 6672, 3091, 3363]",Pantheon,"[2033, 6692, 1037, 3111, 3044, 1028, 3363]",Lillia,"[6653, 2420, 4637, 3158, 3108, 1052, 3340]",Chogath,"[3068, 3076, 3158, 3024, 0, 0, 3363]",False,Rell,"[3859, 3190, 1011, 2055, 3067, 3158, 3364]",Aphelios,"[1055, 2031, 6672, 3006, 1018, 3035, 3363]",Sylas,"[6656, 1029, 0, 1082, 3158, 4629, 3363]",Diana,"[4633, 3157, 3020, 3115, 3916, 1082, 3364]",LeeSin,"[3133, 3053, 3047, 6630, 1031, 1037, 3340]"
False,Senna,"[3864, 3123, 6672, 0, 0, 3006, 3364]",Tristana,"[3006, 6672, 3046, 1055, 1036, 2055, 3363]",Graves,"[2031, 3036, 6692, 3006, 3134, 2055, 3340]",Elise,"[3020, 1082, 4636, 3916, 3191, 1052, 3364]",Camille,"[3748, 6632, 1001, 2031, 1055, 1036, 3340]",True,Yuumi,"[3853, 2065, 2055, 2003, 1052, 1004, 3364]",Ezreal,"[6632, 1083, 0, 3070, 3158, 1055, 3340]",Azir,"[1082, 3020, 1027, 3115, 1056, 1052, 3340]",XinZhao,"[3508, 2031, 3047, 3134, 1036, 2055, 3364]",Jax,"[2033, 0, 3047, 3078, 1036, 0, 3340]"
True,Senna,"[6632, 3071, 3864, 3009, 2015, 1042, 3364]",Ezreal,"[3042, 3158, 1036, 3133, 1036, 6632, 3363]",Sett,"[3053, 6631, 0, 1054, 3111, 0, 3364]",Evelynn,"[3152, 3135, 3020, 1082, 3089, 4632, 3363]",Sylas,"[6656, 3157, 1028, 3158, 3041, 3108, 3364]",False,Leona,"[3860, 8001, 3190, 4643, 3076, 3047, 3364]",Samira,"[3031, 2421, 1053, 6673, 3111, 6676, 3363]",Anivia,"[3020, 3070, 3157, 6653, 4632, 1052, 3363]",Karthus,"[3089, 3157, 3916, 3020, 6653, 1052, 3363]",LeeSin,"[0, 2421, 3111, 6630, 3053, 0, 3340]"
False,Seraphine,"[3853, 6617, 3222, 3158, 0, 0, 3364]",Varus,"[1038, 0, 6672, 3006, 1037, 3046, 3363]",Syndra,"[4628, 6655, 4630, 3020, 2055, 1082, 3363]",JarvanIV,"[6630, 2421, 0, 3047, 3053, 0, 3364]",Garen,"[6631, 1028, 3066, 3006, 1031, 1054, 3340]",True,Janna,"[1001, 3916, 6617, 1082, 3853, 1052, 3364]",Aphelios,"[3006, 6672, 3046, 1018, 0, 0, 3363]",LeeSin,"[3044, 3047, 1028, 6630, 1037, 2031, 3340]",Sylas,"[6656, 2055, 3158, 3108, 3191, 1082, 3364]",Ryze,"[6656, 1058, 3158, 1082, 3040, 1058, 3340]"
True,Veigar,"[6656, 3089, 3070, 3020, 3105, 0, 3340]",Varus,"[1055, 2420, 3006, 6672, 3046, 3031, 3363]",Galio,"[3860, 3190, 8001, 2055, 3158, 1028, 3364]",Volibear,"[6632, 3053, 3047, 2055, 3110, 3075, 3364]",Camille,"[1055, 6632, 3044, 3074, 3123, 3047, 3363]",False,Braum,"[3111, 8001, 3076, 2055, 3857, 3190, 3364]",Samira,"[0, 3036, 2421, 6673, 3031, 3111, 3363]",Kassadin,"[6655, 3040, 3157, 3041, 3020, 2055, 3363]",Khazix,"[3158, 6630, 3053, 2421, 3133, 3071, 3364]",LeeSin,"[0, 3071, 3111, 6630, 3053, 3123, 3340]"
False,Braum,"[3009, 8001, 3067, 1033, 3857, 2055, 3364]",Aphelios,"[3006, 6672, 1038, 3085, 3031, 1055, 3363]",Yone,"[1055, 6673, 3031, 3006, 3072, 1053, 3363]",Rumble,"[3157, 1026, 1011, 3020, 4636, 1082, 3364]",Shen,"[3047, 0, 3748, 6632, 1055, 3076, 3363]",True,Pyke,"[6693, 2031, 3857, 3117, 3134, 2055, 3364]",Ezreal,"[6632, 3158, 0, 1055, 0, 3042, 3363]",Kayle,"[4633, 1056, 3006, 3115, 1058, 0, 3363]",LeeSin,"[3076, 6630, 2055, 3047, 3053, 0, 3340]",Chogath,"[6656, 3111, 4629, 0, 0, 1054, 3363]"
True,Karma,"[3853, 6617, 0, 3011, 1052, 3158, 3364]",Ezreal,"[6632, 3042, 3158, 3133, 1036, 1036, 3363]",Yone,"[1054, 3006, 6673, 1018, 1031, 0, 3340]",Kindred,"[6672, 2031, 3047, 3134, 1037, 3033, 3364]",DrMundo,"[3065, 6662, 3076, 1011, 3047, 3067, 3340]",False,Seraphine,"[1052, 3114, 3853, 3011, 6617, 3158, 3364]",Varus,"[6691, 3042, 0, 6695, 3035, 3158, 3363]",Jayce,"[3035, 6695, 6692, 3042, 3158, 3134, 3363]",XinZhao,"[6630, 3053, 3508, 3047, 3051, 0, 3364]",Akali,"[2420, 3020, 3135, 3191, 4633, 1052, 3340]"
False,Lulu,"[3853, 2065, 1004, 3504, 3158, 1052, 3364]",Kaisa,"[6672, 3036, 3006, 3134, 3046, 1055, 3363]",Sett,"[1054, 6631, 3047, 2421, 2055, 3053, 3364]",Shaco,"[2055, 3134, 3508, 3158, 6653, 4629, 3364]",Vayne,"[3091, 6673, 3153, 3006, 3046, 0, 3363]",True,Blitzcrank,"[8001, 3190, 2055, 0, 3117, 3857, 3364]",Jinx,"[3031, 3046, 6672, 3006, 3094, 1036, 3363]",Azir,"[3916, 1058, 3157, 6655, 3020, 3135, 3340]",Nocturne,"[3047, 3071, 3053, 6631, 2420, 1029, 3364]",Sion,"[2033, 3047, 3067, 1029, 3075, 3068, 3340]"
False,Pyke,"[3026, 3857, 6631, 3117, 3134, 0, 3364]",Varus,"[3042, 6691, 1036, 1036, 3158, 6676, 3363]",Yone,"[1053, 3006, 2421, 3086, 3031, 6673, 3364]",LeeSin,"[3053, 0, 6630, 3067, 3133, 3111, 3340]",Akali,"[3157, 4630, 4633, 3089, 3020, 0, 3340]",True,Karma,"[3853, 2065, 3011, 3114, 1052, 3158, 3364]",Ezreal,"[6632, 3042, 3110, 3158, 3035, 3133, 3363]",Zoe,"[3157, 0, 4628, 6655, 1082, 3158, 3363]",Nunu,"[3068, 3143, 1011, 3076, 1082, 3047, 3364]",Vayne,"[1037, 6673, 3026, 3006, 3033, 1018, 3340]"
False,Bard,"[4005, 3742, 3158, 0, 0, 3853, 3364]",Aphelios,"[1055, 6672, 3006, 3085, 1018, 1038, 3363]",Ziggs,"[6655, 1056, 1082, 1058, 1052, 3020, 3363]",Nidalee,"[4636, 3135, 0, 3020, 0, 0, 3364]",MonkeyKing,"[2031, 6632, 3111, 1036, 1036, 1054, 3340]",True,Nautilus,"[3859, 3190, 2031, 0, 0, 3117, 3364]",Tristana,"[6672, 0, 2031, 1055, 3006, 0, 3363]",Anivia,"[1082, 3040, 1001, 6653, 0, 2055, 3340]",Zac,"[6662, 3067, 3211, 2055, 0, 3158, 3364]",Gangplank,"[2033, 1083, 3047, 3078, 3074, 3044, 3363]"
True,Thresh,"[3857, 3190, 0, 3009, 3067, 1028, 3364]",Draven,"[6673, 1036, 1036, 6676, 1055, 3047, 3363]",Sylas,"[3158, 3157, 6656, 1082, 0, 3916, 3340]",Hecarim,"[6632, 3053, 0, 3158, 1031, 1037, 3364]",Shen,"[1054, 3748, 3047, 6662, 1029, 0, 3340]",False,Senna,"[3864, 6632, 3009, 3094, 3124, 0, 3364]",Tristana,"[3006, 1036, 1036, 6672, 3046, 1055, 3363]",Akali,"[4633, 3157, 3041, 3089, 3916, 3020, 3363]",Olaf,"[6630, 3053, 3047, 3133, 1029, 0, 3364]",MonkeyKing,"[0, 6632, 3071, 3133, 1031, 3111, 3340]"
True,Lulu,"[3853, 2065, 0, 1052, 3158, 3114, 3364]",Ezreal,"[2031, 6632, 1029, 3082, 3158, 3042, 3363]",Ahri,"[1082, 3108, 3158, 6655, 3165, 3191, 3364]",Nocturne,"[1036, 6695, 6631, 3071, 1037, 3158, 3364]",Shen,"[3075, 6662, 1028, 3047, 2055, 1054, 3340]",False,Janna,"[6617, 4642, 3853, 3158, 1082, 3916, 3364]",Aphelios,"[3031, 0, 3006, 6673, 3085, 0, 3363]",Yone,"[1055, 1053, 1018, 6673, 3006, 3031, 3363]",Viego,"[6672, 2031, 3153, 3111, 3053, 1029, 3364]",Akali,"[3157, 2031, 3111, 4633, 4630, 1054, 3340]"
True,Bard,"[1057, 3158, 3110, 3853, 3190, 1028, 3364]",Varus,"[6695, 6691, 3042, 3158, 2420, 3134, 3363]",Neeko,"[3020, 3041, 3152, 3135, 1058, 3916, 3364]",Evelynn,"[2055, 3135, 1082, 3152, 3020, 3057, 3364]",Irelia,"[3153, 6673, 1055, 3133, 3111, 1031, 3340]",False,Senna,"[3864, 3042, 3009, 6632, 2015, 3086, 3364]",Seraphine,"[3067, 3102, 0, 3158, 3108, 6655, 3363]",LeeSin,"[6630, 2055, 3051, 3111, 3053, 1057, 3340]",Shaco,"[3020, 6653, 4629, 0, 3135, 1052, 3364]",Jax,"[2055, 6333, 6632, 3044, 3111, 3091, 3340]"
False,Yuumi,"[6617, 1004, 1082, 3851, 2055, 0, 3364]",Draven,"[0, 6673, 3006, 3134, 1055, 1037, 3363]",Lucian,"[1055, 6671, 3047, 2055, 1036, 0, 3363]",Nidalee,"[4636, 2031, 3158, 1082, 1029, 0, 3364]",Vayne,"[2031, 3006, 6673, 3086, 0, 1055, 3363]",True,Zilean,"[3851, 4642, 3067, 0, 3158, 0, 3364]",Varus,"[1055, 1001, 3070, 6691, 0, 1036, 3340]",Qiyana,"[6693, 2031, 3134, 1037, 0, 0, 3364]",XinZhao,"[0, 0, 0, 0, 0, 0, 3364]",Mordekaiser,"[1056, 4635, 3047, 1082, 0, 0, 3364]"
True,Nautilus,"[3860, 3190, 3111, 3193, 2055, 1029, 3364]",Yasuo,"[3031, 3006, 6673, 3086, 1031, 2055, 3363]",Nocturne,"[6631, 2033, 3053, 3158, 0, 0, 3364]",Kindred,"[6673, 3111, 1018, 3046, 1038, 1037, 3364]",Akali,"[4633, 3102, 3191, 3108, 3020, 1054, 3340]",False,Alistar,"[3857, 3190, 0, 3076, 3047, 3067, 3364]",Samira,"[2421, 3026, 3047, 6676, 6673, 1038, 3363]",TwistedFate,"[3152, 1058, 1058, 3158, 3100, 1082, 3363]",Evelynn,"[4636, 3100, 1082, 3916, 1026, 3020, 3363]",Fiora,"[6630, 3748, 3082, 3047, 1054, 1028, 3364]"
False,Thresh,"[3857, 3190, 2031, 3107, 3117, 2055, 3364]",Kaisa,"[3006, 6672, 3031, 3046, 3035, 1018, 3363]",Jayce,"[6692, 2421, 3042, 3814, 3123, 3158, 3363]",Ekko,"[3916, 3157, 3152, 3115, 1058, 3020, 3364]",MonkeyKing,"[6333, 6632, 3071, 3123, 3111, 1028, 3340]",True,Bard,"[3158, 3190, 3853, 3742, 2055, 0, 3364]",Ashe,"[3036, 3046, 2055, 1055, 6672, 3006, 3363]",Vladimir,"[3152, 4629, 3158, 3089, 4630, 1082, 3340]",Khazix,"[6630, 6695, 3158, 3071, 1036, 0, 3364]",Volibear,"[6632, 3742, 3211, 1028, 3047, 3076, 3340]"
True,Lux,"[3020, 4005, 3108, 1052, 3067, 3853, 3364]",Caitlyn,"[3006, 3036, 1038, 6671, 0, 0, 3363]",Orianna,"[1082, 3040, 6655, 4630, 3020, 0, 3340]",Trundle,"[6632, 3047, 2055, 3181, 3748, 3076, 3364]",Camille,"[1055, 3078, 1037, 3748, 3047, 3044, 3340]",False,Yuumi,"[2065, 3853, 3114, 2055, 6616, 1033, 3364]",Twitch,"[3115, 3089, 3041, 3067, 1026, 3006, 3363]",Fizz,"[4636, 3157, 3100, 1056, 1026, 3158, 3364]",Nocturne,"[3071, 3053, 6631, 1031, 3111, 0, 3364]",Shen,"[6664, 1028, 1054, 3047, 3001, 1028, 3340]"
True,Janna,"[2065, 3853, 3158, 3011, 3114, 1082, 3364]",Draven,"[6672, 1055, 3006, 3072, 3031, 0, 3363]",Sylas,"[6656, 1082, 3157, 3158, 1056, 1058, 3340]",Volibear,"[6632, 2420, 3108, 3158, 1082, 1029, 3364]",Shen,"[6664, 2055, 3075, 1054, 3047, 0, 3363]",False,Thresh,"[3857, 2065, 3050, 1033, 3158, 2055, 3364]",Tristana,"[2055, 3123, 3006, 3036, 3046, 6672, 3363]",Irelia,"[6673, 3153, 3124, 3111, 3026, 3091, 3340]",Nocturne,"[6631, 0, 3076, 3158, 3053, 2421, 3363]",Mordekaiser,"[1056, 3111, 3165, 2055, 4637, 4633, 3340]"
True,Xerath,"[3157, 3916, 3853, 3020, 4630, 6655, 3364]",Jhin,"[6671, 1055, 3009, 3036, 3094, 0, 3363]",Lucian,"[6694, 6671, 3071, 3057, 3006, 1018, 3363]",Nunu,"[2031, 3065, 3742, 3047, 1028, 3068, 3364]",Akali,"[3157, 4633, 3020, 3165, 3135, 0, 3363]",False,Leona,"[3111, 3860, 3190, 3075, 0, 2055, 3364]",Ezreal,"[3042, 6632, 6694, 3158, 3110, 3155, 3363]",Sylas,"[6656, 4629, 3158, 3157, 1058, 0, 3340]",Gragas,"[3157, 4636, 3020, 1082, 3100, 3135, 3364]",Tryndamere,"[3133, 6671, 6675, 3031, 3006, 3035, 3363]"
False,Braum,"[8001, 3190, 1029, 3047, 2055, 3857, 3364]",Aphelios,"[6672, 2421, 3085, 3036, 3006, 3031, 3363]",Karma,"[6617, 4629, 1058, 1058, 1056, 3158, 3363]",Kindred,"[6673, 3026, 3035, 3111, 1018, 6676, 3364]",Fiora,"[3074, 6630, 2055, 3047, 6333, 3044, 3340]",True,Nautilus,"[3190, 2055, 3860, 3047, 3075, 3082, 3364]",Tristana,"[6671, 3006, 3046, 3031, 1053, 1018, 3363]",Ryze,"[6656, 3157, 3158, 3089, 3040, 3165, 3363]",Olaf,"[3143, 6631, 2055, 3047, 3075, 1029, 3364]",LeeSin,"[6333, 3047, 3053, 6630, 0, 0, 3340]"
True,Blitzcrank,"[0, 3860, 2065, 0, 3009, 0, 3364]",Xayah,"[1055, 3006, 6670, 1053, 1037, 1018, 3363]",Nunu,"[1056, 3152, 3020, 1082, 0, 0, 3340]",Khazix,"[3158, 2031, 3134, 6691, 1036, 0, 3364]",MonkeyKing,"[2031, 6632, 1001, 3133, 0, 1055, 3363]",False,Morgana,"[3158, 6617, 1052, 0, 0, 3853, 3364]",Draven,"[3006, 6672, 3508, 0, 0, 0, 3363]",Akali,"[3020, 3152, 3916, 3108, 0, 0, 3363]",Nocturne,"[3047, 6631, 2055, 3044, 1037, 1028, 3513]",Aatrox,"[1054, 6630, 3047, 1028, 1036, 0, 3340]"
False,Lulu,"[3504, 3158, 3853, 2065, 3916, 2055, 3364]",Vayne,"[1055, 3006, 6672, 3046, 3153, 3124, 3363]",Ekko,"[3152, 3115, 3020, 0, 1082, 1056, 3340]",LeeSin,"[3047, 3053, 6630, 2055, 3211, 3067, 3340]",Tryndamere,"[6671, 1036, 3181, 3006, 3086, 1054, 3340]",True,Nautilus,"[3190, 2055, 3860, 3076, 3047, 0, 3364]",Draven,"[6673, 3508, 0, 0, 1001, 0, 3340]",Xerath,"[1056, 1052, 3089, 3020, 1082, 6655, 3363]",Viego,"[3153, 2031, 0, 3123, 3044, 3047, 3364]",Camille,"[3053, 6333, 3078, 3047, 3748, 2055, 3340]"
False,Karma,"[3853, 2065, 3222, 2055, 3916, 3158, 3364]",Xayah,"[0, 3006, 3031, 6671, 3508, 3072, 3363]",Akali,"[3157, 3152, 1082, 3020, 1052, 0, 3364]",Viego,"[2055, 3153, 1037, 3044, 6672, 3047, 3364]",MonkeyKing,"[3143, 6632, 3077, 3047, 1028, 1011, 3363]",True,Thresh,"[3857, 3190, 2055, 1029, 3067, 3158, 3364]",Draven,"[1055, 1053, 6676, 3006, 6691, 3035, 3363]",Xerath,"[6655, 4628, 3135, 1082, 3020, 0, 3363]",XinZhao,"[6333, 6630, 3053, 1031, 2421, 3047, 3364]",Tryndamere,"[6671, 3006, 3046, 3181, 3133, 1018, 3363]"
True,Leona,"[3860, 3067, 1011, 3117, 2055, 1029, 3364]",Draven,"[1055, 1053, 3006, 6676, 6691, 0, 3363]",Lulu,"[3070, 1082, 3850, 3158, 6617, 3504, 3340]",Khazix,"[6691, 2031, 6695, 3047, 0, 0, 3364]",Jax,"[1028, 2033, 3047, 1036, 3153, 6632, 3340]",False,Karma,"[3853, 2055, 6617, 1052, 3158, 3114, 3364]",Caitlyn,"[1055, 3006, 6671, 3095, 1038, 0, 3363]",Sylas,"[3158, 3157, 6656, 1082, 1052, 1056, 3364]",MasterYi,"[6673, 3047, 3076, 3124, 0, 0, 3364]",Garen,"[1054, 6631, 3006, 3742, 3134, 0, 3340]"
False,Nami,"[3853, 6616, 2065, 3011, 3067, 3158, 3364]",Caitlyn,"[3031, 6671, 3095, 1018, 3006, 1036, 3363]",Sylas,"[3041, 6656, 3157, 3089, 4629, 3158, 3364]",Qiyana,"[6631, 3041, 3006, 3026, 3091, 3071, 3364]",Akali,"[3157, 0, 3135, 4637, 3020, 4633, 3363]",True,Bard,"[0, 3190, 3853, 3117, 3742, 3024, 3364]",Draven,"[1055, 6673, 6676, 3006, 3036, 1038, 3363]",Yone,"[3026, 1057, 3006, 3033, 3031, 3072, 3363]",Diana,"[2055, 3152, 3157, 3020, 3135, 3089, 3364]",Riven,"[6630, 3071, 3133, 3123, 3158, 1054, 3340]"
